Date,EURUSD,EURJPY,EURGBP,EURPLN,EURSEK,EURCHF,EURCNY,EURHKD,EURINR,EURSGD,EURTWD
12/30/2024,1.0444,164.57,0.8295,4.2655,11.4865,0.9435,7.6234,8.1065,89.2685,1.4166,33.28099823
12/27/2024,1.0435,164.65,0.83098,4.2753,11.4795,0.9396,7.6169,8.099,89.21,1.4174,34.10087967
12/24/2024,1.0395,163.25,0.82805,4.2715,11.5335,0.9358,7.5843,8.0743,88.5275,1.4129,33.92796707
12/23/2024,1.0393,163.36,0.82995,4.2753,11.484,0.9336,7.5861,8.0757,88.4635,1.4103,32.95299911
12/20/2024,1.039,162.89,0.82965,4.2623,11.476,0.9297,7.5831,8.0755,88.355,1.41,33.81925583
12/19/2024,1.0395,163.07,0.82445,4.25,11.4625,0.9319,7.5858,8.0785,88.481,1.4131,33.82290649
12/18/2024,1.0496,161.52,0.8252,4.2578,11.4895,0.9382,7.6463,8.1563,89.161,1.4177,34.03399277
12/17/2024,1.0497,161.63,0.82648,4.2635,11.472,0.9413,7.6464,8.1571,89.14,1.4181,34.09247589
12/16/2024,1.0498,161.73,0.82945,4.264,11.4541,0.9372,7.6463,8.1625,89.123,1.4173,33.09600067
12/13/2024,1.0518,161.45,0.83043,4.2643,11.515,0.9385,7.651,8.1777,89.191,1.417,34.00346756
12/12/2024,1.0491,159.6,0.82428,4.2758,11.5,0.9319,7.6272,8.1575,89.044,1.4108,34.13108826
12/11/2024,1.0507,160.35,0.82458,4.2643,11.5165,0.928,7.6318,8.1677,89.1495,1.4114,34.25198364
12/10/2024,1.0527,159.74,0.82555,4.2678,11.5335,0.9267,7.6354,8.1858,89.3525,1.4118,34.16713715
12/9/2024,1.0568,159.4,0.82805,4.2593,11.536,0.9295,7.677,8.2164,89.689,1.4157,33.2859993
12/6/2024,1.0581,159.25,0.82855,4.267,11.523,0.9284,7.6852,8.2314,89.613,1.4174,34.2145195
12/5/2024,1.054,158.52,0.828,4.2745,11.5095,0.9305,7.6577,8.2027,89.2543,1.4133,33.96666718
12/4/2024,1.0492,158.59,0.8283,4.2868,11.548,0.9305,7.6285,8.167,88.9315,1.4135,34.11929703
12/3/2024,1.0512,157.3,0.83123,4.2973,11.5755,0.9309,7.6589,8.1818,89.017,1.414,34.22308731
12/2/2024,1.0507,157.74,0.82898,4.2905,11.527,0.9316,7.6421,8.1753,89.001,1.4138,33.38899994
11/29/2024,1.0562,158.64,0.83205,4.296,11.518,0.9309,7.6484,8.2211,89.3245,1.4159,34.31831741
11/28/2024,1.0542,159.89,0.8323,4.31,11.5375,0.9314,7.6403,8.2046,89.0495,1.4165,34.20492554
11/27/2024,1.0531,159.65,0.834,4.312,11.529,0.9309,7.6347,8.1949,88.894,1.4147,33.99583435
11/26/2024,1.0522,161.13,0.8348,4.3105,11.523,0.9314,7.6265,8.187,88.6999,1.4153,33.76586914
11/25/2024,1.0495,161.64,0.83465,4.3185,11.503,0.9324,7.6018,8.1659,88.4595,1.4128,32.96099854
11/22/2024,1.0412,160.84,0.83205,4.3373,11.553,0.9272,7.5458,8.1052,87.929,1.4034,34.03072739
11/21/2024,1.0526,162.53,0.83273,4.3418,11.607,0.9294,7.6204,8.1921,88.9158,1.4144,34.24414825
11/20/2024,1.0562,164.42,0.8338,4.3308,11.605,0.9342,7.6528,8.2208,89.1025,1.4173,34.2876091
11/19/2024,1.0578,162.71,0.83638,4.3303,11.584,0.9329,7.6578,8.2335,89.2935,1.4163,34.37139511
11/18/2024,1.0552,163.74,0.8356,4.3278,11.6,0.9364,7.6442,8.214,89.0765,1.4186,33.3390007
11/15/2024,1.0583,164.36,0.83455,4.32,11.5905,0.9389,7.6492,8.2385,89.3465,1.4187,34.26050186
11/14/2024,1.0533,164.24,0.83158,4.3383,11.603,0.9369,7.6267,8.1975,88.9645,1.4175,34.22717285
11/13/2024,1.0629,164.71,0.83413,4.3425,11.5895,0.9379,7.6626,8.2682,89.6915,1.4214,34.41317368
11/12/2024,1.0617,163.71,0.82835,4.3503,11.542,0.9354,7.6781,8.2586,89.5888,1.4204,34.51728821
11/11/2024,1.0651,163.82,0.8268,4.344,11.592,0.9369,7.6719,8.2812,89.8935,1.4197,33.66199875
11/8/2024,1.0772,164.18,0.83188,4.3255,11.59,0.9393,7.7233,8.3745,90.89,1.4251,34.57976151
11/7/2024,1.0785,165.71,0.83185,4.3253,11.599,0.9432,7.7159,8.3818,90.9355,1.4258,34.69917679
11/6/2024,1.0695,165.05,0.83223,4.3493,11.6515,0.9368,7.6779,8.3167,90.181,1.4281,34.79101944
11/5/2024,1.0897,165.93,0.8392,4.358,11.6665,0.9402,7.7405,8.4687,91.6565,1.4351,34.70053482
11/4/2024,1.0904,165.47,0.84063,4.3423,11.6445,0.941,7.7363,8.4761,91.718,1.4356,33.68299866
11/1/2024,1.0885,165.54,0.83998,4.3543,11.6115,0.9427,7.7403,8.466,91.4955,1.4392,34.6798439
10/31/2024,1.0882,166.3,0.83753,4.3508,11.6308,0.9412,7.7436,8.4598,91.493,1.4377,34.60218811
10/30/2024,1.0815,165.91,0.83425,4.3463,11.566,0.9393,7.7054,8.405,90.943,1.4329,34.62628937
10/29/2024,1.0774,165.66,0.8302,4.348,11.517,0.9369,7.6895,8.3716,90.57,1.4287,34.62748337
10/28/2024,1.0818,165.18,0.8329,4.35,11.471,0.9367,7.7099,8.4072,90.958,1.4302,34.62469482
10/25/2024,1.0825,164.45,0.83358,4.3478,11.4475,0.9382,7.7123,8.411,91.027,1.429,34.61787415
10/24/2024,1.0801,164.12,0.8321,4.3435,11.419,0.9349,7.6848,8.3926,90.796,1.4249,34.49859238
10/23/2024,1.0767,164.66,0.83148,4.3433,11.412,0.934,7.6759,8.3656,90.537,1.4237,34.56526184
10/22/2024,1.0821,163.22,0.8334,4.317,11.4005,0.9365,7.7052,8.411,90.971,1.4231,34.66363907
10/21/2024,1.0853,162.79,0.83315,4.3175,11.4275,0.938,7.7198,8.4351,91.244,1.4246,34.8203125
10/18/2024,1.0847,162.75,0.83165,4.3085,11.4205,0.9401,7.7065,8.427,91.198,1.4235,34.72817612
10/17/2024,1.0866,162.5,0.83455,4.3113,11.418,0.938,7.7385,8.4477,91.324,1.4261,34.89407349
10/16/2024,1.0897,162.57,0.83605,4.3,11.346,0.9397,7.7511,8.4676,91.55,1.4264,35.01453018
10/15/2024,1.0903,162.85,0.83355,4.2938,11.301,0.9401,7.7574,8.469,91.622,1.4271,35.07554626
10/14/2024,1.0915,163.39,0.83665,4.2893,11.3735,0.9409,7.7332,8.4718,91.729,1.4277,35.10554504
10/11/2024,1.0938,162.94,0.83705,4.2898,11.354,0.9378,7.7282,8.5001,91.9575,1.4283,35.20095825
10/10/2024,1.0932,162.85,0.83686,4.3048,11.3655,0.9393,7.7376,8.496,91.7985,1.43,35.26216125
10/9/2024,1.0957,162.97,0.8374,4.2978,11.362,0.9397,7.7435,8.5176,91.9995,1.4294,35.30819321
10/8/2024,1.0982,162.49,0.83778,4.3083,11.349,0.941,7.7449,8.537,92.2065,1.4307,35.25219345
10/7/2024,1.0982,162.63,0.83918,4.3215,11.366,0.9388,7.7077,8.5291,92.2458,1.4304,35.47997665
10/4/2024,1.1029,161.69,0.83735,4.3145,11.3375,0.9394,7.7407,8.5629,92.6095,1.4314,35.33371735
10/3/2024,1.1039,161.98,0.84258,4.3058,11.361,0.9387,7.7477,8.5734,92.723,1.4315,35.14167404
10/2/2024,1.1071,160.26,0.83288,4.295,11.3495,0.9388,7.7702,8.5947,92.979,1.4266,35.14195251
10/1/2024,1.1086,159.37,0.83193,4.2853,11.3145,0.9394,7.7807,8.6181,92.931,1.4268,35.16821289
9/30/2024,1.1196,159.82,0.83543,4.2788,11.3,0.9439,7.8511,8.6933,93.813,1.4342,35.26750946
9/27/2024,1.1158,159.63,0.83338,4.2738,11.273,0.942,7.823,8.6737,93.384,1.4305,35.16262436
9/26/2024,1.1155,160.78,0.83428,4.271,11.3,0.9452,7.8213,8.6773,93.297,1.4328,35.4683609
9/25/2024,1.1194,161.49,0.83653,4.2643,11.311,0.9495,7.8692,8.716,93.575,1.4378,35.47488022
9/24/2024,1.1133,160.14,0.8322,4.2665,11.2935,0.9439,7.829,8.6668,93.151,1.4341,35.48150635
9/23/2024,1.1119,159.58,0.83518,4.275,11.362,0.9448,7.8438,8.6576,92.8955,1.4357,35.71157455
9/20/2024,1.1166,161.08,0.8391,4.2763,11.381,0.9486,7.8776,8.7022,93.274,1.4426,35.44981766
9/19/2024,1.1156,159.53,0.83953,4.2658,11.3175,0.946,7.8827,8.6952,93.325,1.4415,35.31549454
9/18/2024,1.1124,157.94,0.84225,4.27,11.324,0.9388,7.8797,8.6692,93.1315,1.4395,35.52464676
9/17/2024,1.1139,156.71,0.84278,4.2683,11.3245,0.9405,7.9046,8.6796,93.305,1.4407,35.46164703
9/16/2024,1.1126,155.66,0.84278,4.2708,11.3195,0.9394,7.8953,8.6723,93.302,1.4407,35.41033936
9/13/2024,1.1081,156.17,0.84475,4.2898,11.3635,0.9387,7.8634,8.6411,92.988,1.4404,35.36351776
9/12/2024,1.1016,157.02,0.8446,4.2978,11.414,0.9414,7.8441,8.5945,92.49,1.438,35.35214996
9/11/2024,1.1043,156.6,0.84375,4.2873,11.435,0.9358,7.8534,8.6106,92.743,1.4385,35.4399147
9/10/2024,1.1031,157.81,0.84265,4.2833,11.4355,0.9349,7.853,8.6004,92.6325,1.4397,35.4334259
9/9/2024,1.1043,158.53,0.84365,4.278,11.455,0.9376,7.8589,8.6101,92.711,1.4428,35.52118683
9/6/2024,1.1103,158.93,0.84293,4.28,11.3698,0.9365,7.865,8.6526,93.206,1.4428,35.56313705
9/5/2024,1.1097,159.2,0.84318,4.2683,11.3995,0.939,7.8739,8.6493,93.1987,1.4444,35.40779114
9/4/2024,1.105,160.26,0.84248,4.2788,11.411,0.9396,7.8648,8.6174,92.7985,1.444,35.33480453
9/3/2024,1.1035,161.26,0.84085,4.2783,11.372,0.9409,7.8614,8.605,92.669,1.4453,35.34340668
9/2/2024,1.1061,162.56,0.84218,4.275,11.351,0.9415,7.8677,8.6239,92.8075,1.4464,35.34278488
8/30/2024,1.1087,161.19,0.8412,4.2763,11.3355,0.9416,7.8585,8.6455,92.9485,1.4441,35.29972458
8/29/2024,1.1088,160.36,0.84175,4.2898,11.3455,0.9364,7.8653,8.6422,93.023,1.4432,35.57876968
8/28/2024,1.1117,160.57,0.84163,4.3003,11.335,0.9375,7.9253,8.6711,93.3565,1.4493,35.42468643
8/27/2024,1.1162,161.24,0.84438,4.2783,11.3758,0.944,7.9547,8.7073,93.674,1.4552,35.51300812
8/26/2024,1.1163,160.94,0.84645,4.2815,11.403,0.946,7.9512,8.7023,93.6635,1.4546,35.53209686
8/23/2024,1.1121,162.37,0.84733,4.2775,11.4355,0.9476,7.9364,8.6728,93.309,1.4551,35.61482239
8/22/2024,1.1135,162.64,0.84943,4.2815,11.392,0.949,7.9491,8.6814,93.478,1.4568,35.35277557
8/21/2024,1.1116,162.26,0.85303,4.2858,11.378,0.9503,7.9306,8.6634,93.2585,1.4529,35.49370575
8/20/2024,1.1084,162.18,0.85194,4.2643,11.3825,0.9527,7.9192,8.6345,92.8445,1.4493,35.37749481
8/19/2024,1.1041,161.22,0.85243,4.2688,11.4871,0.9543,7.8848,8.604,92.6085,1.4464,35.42292404
8/16/2024,1.0994,162.72,0.85128,4.2703,11.5435,0.954,7.8758,8.5705,92.2775,1.4497,35.59809113
8/15/2024,1.1011,162.14,0.85615,4.2815,11.5135,0.9541,7.8816,8.58,92.4385,1.4505,35.23154449
8/14/2024,1.1019,161.98,0.85783,4.2975,11.4843,0.9515,7.8627,8.5824,92.5025,1.4494,35.52283478
8/13/2024,1.0931,161.17,0.85458,4.289,11.506,0.948,7.8301,8.5143,91.761,1.4454,35.25545883
8/12/2024,1.0925,161.25,0.85554,4.3058,11.4935,0.9491,7.8439,8.5157,91.7375,1.4474,35.40107727
8/9/2024,1.0917,160.33,0.85708,4.3253,11.4955,0.9435,7.828,8.514,91.655,1.4453,35.37729263
8/8/2024,1.093,159.74,0.86093,4.319,11.4955,0.9368,7.8393,8.5168,91.759,1.4474,35.68267059
8/7/2024,1.0922,160.62,0.85808,4.3173,11.4235,0.9409,7.8425,8.5162,91.695,1.4499,35.80681992
8/6/2024,1.0915,158.29,0.85998,4.3105,11.559,0.9325,7.8071,8.5055,91.5925,1.4485,35.78534698
8/5/2024,1.0966,155.98,0.85878,4.3128,11.534,0.9304,7.8046,8.5335,92.2765,1.4475,35.54577637
8/2/2024,1.0835,161.37,0.85,4.289,11.5843,0.9433,7.8075,8.4625,90.728,1.4424,35.29288101
8/1/2024,1.0789,162.66,0.84328,4.2958,11.522,0.9467,7.8203,8.432,90.3485,1.4437,35.25484085
7/31/2024,1.0828,162.76,0.8438,4.2908,11.6125,0.9533,7.8194,8.4589,90.625,1.4491,35.43431091
7/30/2024,1.0824,167.61,0.8426,4.2838,11.686,0.9592,7.8489,8.4558,90.6235,1.4554,35.54003525
7/29/2024,1.0817,166.44,0.84345,4.2938,11.7265,0.9578,7.8518,8.449,90.574,1.454,35.59911728
7/26/2024,1.086,167.84,0.84378,4.274,11.7325,0.9594,7.875,8.4782,90.9495,1.4594,35.42203522
7/25/2024,1.0851,165.62,0.8428,4.2968,11.774,0.9534,7.8331,8.4682,90.8915,1.4566,35.45858383
7/24/2024,1.0848,167.23,0.83973,4.289,11.6875,0.9609,7.8934,8.4716,90.808,1.4577,35.53358078
7/23/2024,1.086,169.64,0.84073,4.277,11.6735,0.9681,7.9003,8.4788,90.9075,1.4615,35.7272377
7/22/2024,1.0888,170.8,0.84215,4.2788,11.6295,0.9671,7.9191,8.5006,91.0885,1.4648,35.7274437
7/19/2024,1.089,171.61,0.8428,4.2853,11.61,0.9688,7.9165,8.5049,91.117,1.4645,35.58024216
7/18/2024,1.093,171.02,0.84175,4.2918,11.5338,0.9666,7.9327,8.535,91.4125,1.4655,35.5438385
7/17/2024,1.0934,171.21,0.83915,4.2948,11.5085,0.9693,7.9372,8.5368,91.3642,1.466,35.50352478
7/16/2024,1.0902,172.65,0.84058,4.2683,11.5545,0.9761,7.9223,8.5082,91.1115,1.4647,35.5049324
7/15/2024,1.0907,172.34,0.84045,4.2495,11.5375,0.9755,7.9206,8.5133,91.168,1.464,35.42986679
7/12/2024,1.089,172.87,0.84029,4.2548,11.4965,0.9747,7.8984,8.5019,90.9585,1.4623,35.21223068
7/11/2024,1.0855,175.39,0.84305,4.2545,11.419,0.9749,7.8862,8.4767,90.7165,1.4627,35.3012085
7/10/2024,1.0825,174.79,0.84518,4.2555,11.4075,0.9723,7.8763,8.4554,90.4015,1.4605,35.15521622
7/9/2024,1.0814,174.2,0.84491,4.2643,11.422,0.9712,7.8639,8.4477,90.291,1.4608,35.16822815
7/8/2024,1.0835,174.37,0.8441,4.2778,11.3805,0.9711,7.8766,8.4631,90.4705,1.4618,35.07026291
7/5/2024,1.0824,174.06,0.84613,4.2798,11.3605,0.973,7.8655,8.4544,90.3685,1.4612,35.14113235
7/4/2024,1.08,173.84,0.84663,4.2918,11.3375,0.9717,7.8515,8.434,90.199,1.4594,35.20027161
7/3/2024,1.0758,174.18,0.8468,4.3018,11.371,0.9718,7.8247,8.4033,89.836,1.4593,35.00983429
7/2/2024,1.0729,173.31,0.84755,4.325,11.417,0.9697,7.8014,8.3829,89.5417,1.4569,34.91700745
7/1/2024,1.0745,173.15,0.8479,4.3008,11.3675,0.9689,7.8097,8.3945,89.6575,1.4567,34.90174866
6/28/2024,1.0705,171.94,0.84638,4.309,11.3595,0.9634,7.7748,8.3594,89.2495,1.4513,34.82516098
6/27/2024,1.0696,171.66,0.8459,4.3188,11.338,0.9604,7.7745,8.3521,89.242,1.4519,34.79750824
6/26/2024,1.0689,171.42,0.84453,4.3075,11.3038,0.9585,7.7673,8.3459,89.323,1.4513,34.77806854
6/25/2024,1.0714,170.84,0.84465,4.2995,11.2255,0.9575,7.7811,8.3652,89.3855,1.4499,34.68902588
6/24/2024,1.073,171.17,0.8473,4.3003,11.2555,0.9586,7.7891,8.3772,89.5833,1.452,34.60358047
6/21/2024,1.0688,169.82,0.84531,4.322,11.2445,0.9537,7.7602,8.3401,89.315,1.4468,34.62263107
6/20/2024,1.0719,169.82,0.84513,4.321,11.198,0.9546,7.7825,8.3654,89.6225,1.4504,34.80234528
6/19/2024,1.0749,169.78,0.84455,4.33,11.214,0.9506,7.8005,8.3905,89.682,1.4519,34.73708344
6/18/2024,1.0715,169.41,0.8454,4.3503,11.255,0.9512,7.7748,8.3664,89.3885,1.451,34.69253159
6/17/2024,1.0712,169.11,0.84573,4.36,11.2933,0.9561,7.7728,8.3667,89.4895,1.4497,34.62526321
6/14/2024,1.0686,167.8,0.84205,4.3733,11.2731,0.9534,7.7529,8.347,89.266,1.4464,34.68349075
6/13/2024,1.0784,169.58,0.84468,4.3473,11.221,0.9668,7.8211,8.4224,90.112,1.4557,34.81847763
6/12/2024,1.0765,169.35,0.84365,4.3385,11.2345,0.9641,7.8086,8.4082,89.949,1.4553,34.70898438
6/11/2024,1.073,168.46,0.84198,4.3413,11.2467,0.9622,7.7839,8.3802,89.6748,1.4517,34.7995491
6/10/2024,1.0756,168.74,0.84565,4.324,11.333,0.9637,7.7957,8.4043,89.8004,1.4548,34.92520142
6/7/2024,1.0898,169.52,0.8512,4.288,11.3075,0.9696,7.8916,8.5095,90.889,1.4653,35.08040619
6/6/2024,1.0865,169.74,0.85088,4.3015,11.293,0.9687,7.8715,8.4853,90.7135,1.4648,35.07081604
6/5/2024,1.0872,169.72,0.85048,4.3045,11.3275,0.9704,7.8795,8.4904,90.708,1.4657,35.17823792
6/4/2024,1.0865,168.29,0.85143,4.3005,11.3755,0.9703,7.863,8.4901,90.6925,1.464,35.24568176
6/3/2024,1.0842,170.09,0.85175,4.2815,11.4035,0.9772,7.8562,8.4797,90.125,1.4638,35.22888184
5/31/2024,1.0852,170.52,0.85365,4.2645,11.421,0.9818,7.8577,8.4838,90.5255,1.4663,35.04619598
5/30/2024,1.0815,169.5,0.85105,4.2848,11.4995,0.9808,7.8261,8.4556,90.073,1.4612,34.97229385
5/29/2024,1.0857,170.74,0.8513,4.264,11.5215,0.9907,7.8706,8.4811,90.529,1.4652,34.92028046
5/28/2024,1.0882,170.54,0.8508,4.2483,11.466,0.9908,7.8842,8.4994,90.515,1.4659,34.83068085
5/27/2024,1.0843,170.07,0.8507,4.2553,11.54,0.9922,7.8545,8.4663,90.1393,1.4633,34.91934204
5/24/2024,1.084,170.28,0.85241,4.2553,11.599,0.9924,7.8522,8.468,90.104,1.4639,34.83819199
5/23/2024,1.0854,169.9,0.85175,4.263,11.5925,0.9907,7.8578,8.4749,90.3445,1.4637,34.88171387
5/22/2024,1.083,169.54,0.85165,4.2686,11.6325,0.9905,7.8414,8.4538,90.2135,1.4616,34.99446487
5/21/2024,1.0864,169.86,0.8544,4.2553,11.581,0.9884,7.861,8.4778,90.5115,1.4632,34.97626877
5/20/2024,1.0861,169.25,0.85548,4.2533,11.6127,0.988,7.856,8.4712,90.4715,1.4628,34.97246552
5/17/2024,1.0844,168.96,0.85685,4.265,11.655,0.9855,7.837,8.46,90.3883,1.4609,34.90958405
5/16/2024,1.0866,168.33,0.8585,4.2648,11.6172,0.9822,7.843,8.4798,90.73,1.4617,34.88032532
5/15/2024,1.0832,168.43,0.8584,4.269,11.6751,0.98,7.8212,8.4578,90.4445,1.4609,34.94525146
5/14/2024,1.0796,168.89,0.85983,4.2695,11.7285,0.9801,7.8103,8.4341,90.16,1.4609,34.93917847
5/13/2024,1.0795,168.25,0.86023,4.286,11.7,0.9784,7.8095,8.4329,90.133,1.4605,34.93306732
5/10/2024,1.0779,167.87,0.86055,4.2968,11.6865,0.9779,7.7877,8.4228,90.0185,1.4592,34.87226868
5/9/2024,1.0732,167.32,0.85995,4.292,11.7205,0.976,7.7554,8.3881,89.607,1.4558,34.747612
5/8/2024,1.0743,167.15,0.86083,4.3075,11.733,0.977,7.7651,8.3989,89.7015,1.4572,34.79192734
5/7/2024,1.0766,166.45,0.85805,4.3138,11.681,0.977,7.7707,8.4197,89.898,1.457,34.73809052
5/6/2024,1.0776,165.7,0.8566,4.3185,11.625,0.9754,7.7662,8.4223,89.9875,1.4548,34.74220657
5/3/2024,1.0744,164.62,0.85573,4.329,11.6398,0.9744,7.7798,8.3961,89.671,1.4527,34.7069397
5/2/2024,1.0698,165.63,0.85538,4.3278,11.682,0.9759,7.7465,8.3633,89.2938,1.4538,34.80739975
4/30/2024,1.0718,168.27,0.85478,4.3178,11.753,0.9787,7.7609,8.3817,89.4155,1.4593,34.755867
4/29/2024,1.072,167.53,0.85493,4.3255,11.685,0.9776,7.7627,8.3904,89.461,1.4578,34.85470581
4/26/2024,1.0714,168.03,0.85643,4.3205,11.7052,0.9779,7.7638,8.3873,89.3191,1.4587,34.90076065
4/25/2024,1.072,166.76,0.85675,4.3165,11.639,0.9792,7.7682,8.392,89.3155,1.4581,34.90950775
4/24/2024,1.0686,165.57,0.85945,4.3193,11.6225,0.9774,7.7431,8.37,89.0435,1.4547,34.78821564
4/23/2024,1.0674,165.23,0.8605,4.3158,11.603,0.9724,7.7353,8.364,88.9475,1.4543,34.71335983
4/22/2024,1.0632,164.51,0.86328,4.3188,11.6015,0.9693,7.7012,8.3316,88.628,1.449,34.64783478
4/19/2024,1.0653,164.68,0.8562,4.33,11.664,0.968,7.7139,8.3443,88.9228,1.451,34.50243378
4/18/2024,1.0679,164.82,0.85628,4.3255,11.637,0.9704,7.7294,8.3635,89.188,1.452,34.50325012
4/17/2024,1.0638,164.54,0.854,4.3508,11.6793,0.9693,7.7006,8.3307,89.008,1.4495,34.51641846
4/16/2024,1.0637,164.54,0.8544,4.3435,11.635,0.9712,7.6995,8.3304,88.8975,1.4509,34.4175415
4/15/2024,1.0656,164.05,0.85405,4.2938,11.5583,0.9725,7.7134,8.3419,88.895,1.4498,34.34272385
4/12/2024,1.0652,163.16,0.85424,4.2603,11.5699,0.9716,7.7094,8.3478,88.914,1.4478,34.563591
4/11/2024,1.0729,164.18,0.85525,4.257,11.531,0.9787,7.7646,8.4058,89.4385,1.4518,34.56746292
4/10/2024,1.086,164.89,0.85515,4.2563,11.4345,0.981,7.8548,8.506,90.3585,1.4605,34.71059418
4/9/2024,1.0867,164.97,0.85663,4.2565,11.4555,0.9819,7.8603,8.5096,90.4135,1.4623,34.83693695
4/8/2024,1.0823,164.43,0.85795,4.2773,11.4675,0.9807,7.8282,8.4761,90.159,1.4607,34.77985764
4/5/2024,1.0841,164.1,0.85773,4.2835,11.526,0.9793,7.8421,8.4868,90.3283,1.4608,34.72964859
4/4/2024,1.0852,164.69,0.85788,4.2955,11.5105,0.9846,7.8501,8.4957,90.5116,1.4628,34.64822006
4/3/2024,1.0783,163.66,0.85713,4.2968,11.575,0.9792,7.8023,8.4421,90.0055,1.4571,34.4983902
4/2/2024,1.0749,163.01,0.8551,4.2938,11.5575,0.9765,7.7779,8.4148,89.649,1.4535,34.37446213
3/28/2024,1.0811,163.45,0.8551,4.3123,11.525,0.9766,7.8144,8.4594,90.1365,1.4587,34.58167267
3/27/2024,1.0816,163.52,0.85768,4.3148,11.506,0.9811,7.8182,8.4615,90.134,1.4586,34.53855133
3/26/2024,1.0855,164.4,0.85846,4.3093,11.453,0.981,7.8358,8.492,90.4365,1.4595,34.39347458
3/25/2024,1.0835,163.78,0.85698,4.3078,11.457,0.9724,7.8134,8.4748,90.368,1.4573,34.69234085
3/22/2024,1.0823,163.74,0.85795,4.317,11.4025,0.9729,7.8245,8.4645,90.409,1.4593,34.63115311
3/21/2024,1.0907,164.96,0.85678,4.3028,11.3645,0.9766,7.852,8.53,90.656,1.4619,34.73632431
3/20/2024,1.0844,164.54,0.85438,4.3248,11.3595,0.9658,7.8058,8.4837,90.24,1.4579,34.46914673
3/19/2024,1.0854,163.37,0.85445,4.321,11.3465,0.963,7.814,8.4902,90.1065,1.4565,34.40454483
3/18/2024,1.0892,162.51,0.85525,4.3113,11.3178,0.963,7.8402,8.5168,90.285,1.4575,33.44100189
3/15/2024,1.0892,162.03,0.8541,4.2953,11.2674,0.9613,7.838,8.5199,90.259,1.4562,34.31046677
3/14/2024,1.0925,161.7,0.8542,4.2935,11.2245,0.9616,7.8564,8.5455,90.522,1.4567,34.39783478
3/13/2024,1.0939,161.83,0.85451,4.286,11.193,0.9599,7.8678,8.5574,90.594,1.4581,34.30925369
3/12/2024,1.0916,161.39,0.85458,4.2865,11.173,0.9588,7.835,8.5405,90.356,1.4546,34.28181076
3/11/2024,1.0926,160.43,0.85208,4.2805,11.1865,0.9594,7.8471,8.544,90.4095,1.4535,33.32699966
3/8/2024,1.0932,160.99,0.85168,4.3065,11.164,0.9588,7.8594,8.5492,90.4365,1.4558,34.42061615
3/7/2024,1.0895,161.09,0.85445,4.302,11.1944,0.9577,7.8412,8.5215,90.1205,1.4549,34.29262543
3/6/2024,1.0874,162.67,0.85498,4.3018,11.2555,0.9619,7.8281,8.5088,90.056,1.4578,34.24016571
3/5/2024,1.0849,163.01,0.85543,4.3248,11.2803,0.9609,7.8104,8.4873,89.9525,1.4578,34.20220947
3/4/2024,1.0846,163.22,0.85583,4.322,11.2424,0.9604,7.8084,8.4861,89.9399,1.457,33.2159996
3/1/2024,1.0813,162.82,0.85588,4.318,11.1948,0.9582,7.7837,8.465,89.6135,1.4563,34.15537643
2/29/2024,1.0826,162.53,0.85655,4.3208,11.215,0.9534,7.7888,8.4735,89.7458,1.457,34.30116653
2/28/2024,1.0808,162.87,0.85548,4.2965,11.192,0.952,7.7807,8.4599,89.5955,1.4554,34.23429489
2/27/2024,1.0856,163.04,0.8562,4.3153,11.1805,0.9544,7.814,8.4947,89.9755,1.4584,34.22903442
2/26/2024,1.0852,163.38,0.85495,4.3053,11.1675,0.9546,7.81,8.4898,89.9375,1.4582,33.24900055
2/23/2024,1.0834,162.91,0.8534,4.3118,11.1545,0.9522,7.7972,8.476,89.817,1.4553,34.05015564
2/22/2024,1.0844,163.12,0.85625,4.3158,11.174,0.9535,7.7988,8.4817,89.871,1.4552,34.00305176
2/21/2024,1.0809,162.12,0.85619,4.3165,11.2075,0.951,7.773,8.4544,89.632,1.4524,33.92176437
2/20/2024,1.0802,162.18,0.8566,4.3248,11.2185,0.9526,7.7718,8.4487,89.6045,1.4525,33.83555222
2/19/2024,1.0776,161.59,0.85448,4.3265,11.237,0.9492,7.757,8.4273,89.462,1.4503,32.81800079
2/16/2024,1.0768,161.88,0.85605,4.34,11.2655,0.9491,7.7461,8.4236,89.3815,1.45,33.68081284
2/15/2024,1.0743,161.26,0.85635,4.344,11.2575,0.9484,7.7288,8.4009,89.221,1.4472,33.6389389
2/14/2024,1.0713,161.28,0.85258,4.3415,11.3127,0.9493,7.7065,8.3754,88.956,1.4451,33.69835281
2/13/2024,1.0793,161.17,0.85098,4.3198,11.251,0.9481,7.7641,8.4372,89.579,1.451,33.69181824
2/12/2024,1.0773,160.51,0.85391,4.3198,11.232,0.943,7.7497,8.4245,89.4321,1.4484,32.81299973
2/9/2024,1.0772,161,0.8544,4.3206,11.2815,0.9432,7.7489,8.4237,89.4363,1.4503,33.73472977
2/8/2024,1.0758,160.55,0.85378,4.3375,11.2705,0.9409,7.742,8.4139,89.2765,1.4489,33.79769897
2/7/2024,1.0776,159.71,0.85305,4.3453,11.2725,0.9393,7.7529,8.4273,89.422,1.4472,33.56638718
2/6/2024,1.0743,159.56,0.8546,4.3463,11.3825,0.9366,7.7231,8.4042,89.2155,1.4448,33.66377258
2/5/2024,1.0746,159.72,0.85595,4.3343,11.374,0.9347,7.735,8.4053,89.2515,1.4474,32.97100067
2/2/2024,1.0883,159.58,0.85263,4.3175,11.268,0.9315,7.8111,8.509,90.232,1.4533,33.96495056
2/1/2024,1.0814,158.96,0.85353,4.3373,11.3354,0.9336,7.7668,8.4563,89.733,1.4499,33.76596832
1/31/2024,1.0837,160.19,0.85435,4.333,11.2682,0.9348,7.7789,8.4734,90.001,1.4517,33.78614044
1/30/2024,1.0846,159.97,0.85628,4.3618,11.2971,0.9365,7.7866,8.4775,90.1575,1.4534,33.78528214
1/29/2024,1.0823,160.13,0.8525,4.366,11.3562,0.9339,7.7702,8.4549,89.9995,1.4516,33.00099945
1/26/2024,1.0871,160.62,0.85368,4.3775,11.3203,0.9396,7.7994,8.4933,90.369,1.457,33.96586609
1/25/2024,1.0893,160.81,0.85538,4.3765,11.35,0.942,7.8093,8.5136,90.5475,1.4591,34.04968262
1/24/2024,1.0905,160.46,0.85543,4.3725,11.3585,0.9415,7.7996,8.5265,90.6274,1.4585,34.08628082
1/23/2024,1.0872,160.88,0.85493,4.383,11.347,0.9446,7.7953,8.5046,90.3655,1.4568,34.12347031
1/22/2024,1.089,160.95,0.85575,4.364,11.3545,0.9458,7.8349,8.513,90.5305,1.4606,33.16699982
1/19/2024,1.0887,161.17,0.85825,4.3618,11.38,0.9459,7.8291,8.5128,90.4485,1.4599,34.35530472
1/18/2024,1.0875,160.89,0.85773,4.399,11.364,0.9432,7.8231,8.5062,90.4295,1.4619,34.3345871
1/17/2024,1.0877,160.65,0.85818,4.3993,11.3925,0.9406,7.8262,8.511,90.4265,1.4615,34.2200737
1/16/2024,1.0882,159.64,0.86078,4.387,11.3215,0.9361,7.8237,8.516,90.425,1.4589,34.14655685
1/15/2024,1.0945,159.67,0.86075,4.3625,11.278,0.9351,7.8529,8.5599,90.698,1.4601,33.09899902
1/12/2024,1.0942,159.17,0.8595,4.3628,11.26,0.935,7.8451,8.5599,90.735,1.4583,33.9233551
1/11/2024,1.0987,159.71,0.86145,4.349,11.197,0.9338,7.8649,8.5899,91.209,1.46,34.15035248
1/10/2024,1.0946,159.03,0.86023,4.341,11.197,0.9336,7.8476,8.5602,90.8755,1.4573,33.95769119
1/9/2024,1.094,157.63,0.85938,4.3448,11.2115,0.9313,7.8381,8.5499,90.9195,1.4557,33.63975143
1/8/2024,1.0946,158.19,0.8615,4.3465,11.2095,0.9308,7.8397,8.5459,90.9655,1.457,32.86399841
1/5/2024,1.0921,158.57,0.8621,4.3568,11.235,0.932,7.813,8.5297,90.81,1.4537,33.77919769
1/4/2024,1.0953,157.91,0.86278,4.346,11.1905,0.9313,7.833,8.5523,91.1745,1.4546,33.70608521
1/3/2024,1.0919,156.16,0.8647,4.3638,11.1915,0.9322,7.8057,8.5257,90.965,1.4503,33.79185867
1/2/2024,1.0956,155.68,0.86645,4.3708,11.1545,0.9305,7.8264,8.5609,91.285,1.4533,33.8561554
12/29/2023,1.105,156.33,0.86905,4.3395,11.096,0.926,7.8509,8.6314,91.9045,1.4591,33.97506332
12/28/2023,1.1114,156.57,0.8706,4.3355,11.0382,0.9302,7.8941,8.6876,92.449,1.4643,34.26291275
12/27/2023,1.1065,157.81,0.8683,4.3308,11.066,0.9438,7.9086,8.6409,92.186,1.4628,34.16982651
12/22/2023,1.1023,156.66,0.8666,4.342,11.0556,0.9417,7.864,8.6105,91.628,1.4593,34.33669662
12/21/2023,1.0983,156.79,0.86805,4.3403,11.099,0.9432,7.8426,8.5781,91.4335,1.4598,34.26407623
12/20/2023,1.0944,157.12,0.86555,4.3413,11.129,0.946,7.8121,8.5439,91.0595,1.4562,34.33697891
12/19/2023,1.0962,158.2,0.86095,4.3373,11.175,0.947,7.8231,8.5498,91.1835,1.4589,34.2727623
12/18/2023,1.0918,155.95,0.86263,4.345,11.145,0.948,7.7893,8.5135,90.79,1.4539,33.29399872
12/15/2023,1.0946,155.15,0.85833,4.309,11.2125,0.9488,7.7812,8.5438,90.941,1.456,34.28258896
12/14/2023,1.0919,154.8,0.85955,4.3123,11.18,0.949,7.7866,8.5251,90.993,1.4527,33.74474716
12/13/2023,1.0787,157.13,0.8612,4.326,11.277,0.9452,7.7426,8.4288,89.9635,1.449,33.98694229
12/12/2023,1.0804,156.84,0.85928,4.3393,11.2815,0.9443,7.7447,8.4377,90.0765,1.4479,33.72954178
12/11/2023,1.0757,157.54,0.8558,4.3303,11.297,0.9478,7.7206,8.3971,89.6798,1.4454,32.87900162
12/8/2023,1.0777,155.53,0.8569,4.3318,11.238,0.9438,7.7179,8.419,89.8875,1.4426,33.65906143
12/7/2023,1.0771,156.18,0.8575,4.3313,11.2557,0.9446,7.7058,8.4174,89.794,1.4436,33.90153122
12/6/2023,1.0778,158.7,0.8561,4.3403,11.3065,0.9429,7.7148,8.4173,89.8275,1.4452,34.01655579
12/5/2023,1.0817,159.13,0.85723,4.3225,11.3095,0.9456,7.7269,8.4562,90.1885,1.4487,34.05484772
12/4/2023,1.0868,159.47,0.8579,4.3393,11.321,0.9476,7.758,8.4929,90.62,1.4515,33.24100113
12/1/2023,1.0875,161.14,0.86045,4.343,11.3715,0.953,7.7685,8.497,90.6125,1.4551,34.17219162
11/30/2023,1.0931,161.19,0.86368,4.349,11.4308,0.9562,7.8008,8.5384,91.1143,1.4602,34.09249115
11/29/2023,1.0985,162.12,0.86525,4.3355,11.3655,0.9628,7.8296,8.5711,91.528,1.4629,34.41115952
11/28/2023,1.0949,162.74,0.8682,4.3473,11.433,0.9645,7.8323,8.5368,91.255,1.463,34.54548264
11/27/2023,1.0951,162.86,0.86671,4.359,11.421,0.964,7.8331,8.531,91.2743,1.4641,33.57600021
11/24/2023,1.0916,163.3,0.86818,4.3638,11.439,0.964,7.809,8.5086,91.039,1.464,34.47734451
11/23/2023,1.09,162.98,0.8694,4.3655,11.4385,0.9644,7.7852,8.5,90.815,1.4618,34.31669617
11/22/2023,1.0911,162.25,0.8703,4.3625,11.39,0.964,7.8015,8.5061,90.903,1.4622,34.2492218
11/21/2023,1.0955,161.61,0.87326,4.3625,11.404,0.9673,7.8178,8.5409,91.2425,1.4638,34.44452286
11/20/2023,1.0928,162.12,0.8763,4.369,11.427,0.9665,7.8378,8.5165,91.106,1.4641,33.47900009
11/17/2023,1.0872,162.29,0.87395,4.377,11.481,0.9643,7.8414,8.4785,90.5065,1.461,34.55341721
11/16/2023,1.0849,164.05,0.8752,4.373,11.4898,0.9651,7.8655,8.464,90.3145,1.4634,34.54121017
11/15/2023,1.0868,163.39,0.87188,4.397,11.451,0.964,7.8702,8.4852,90.2937,1.4645,34.89095688
11/14/2023,1.0724,162.67,0.8723,4.4211,11.6537,0.9668,7.8171,8.3754,89.1958,1.4592,34.50454712
11/13/2023,1.067,161.96,0.87155,4.428,11.61,0.9656,7.7794,8.3309,88.844,1.452,33.55899811
11/10/2023,1.0683,161.77,0.87435,4.4243,11.629,0.9636,7.7874,8.3433,88.9803,1.4525,34.40428543
11/9/2023,1.0691,161.57,0.87205,4.449,11.634,0.9637,7.7886,8.3505,89.053,1.4523,34.50543594
11/8/2023,1.0671,160.97,0.87015,4.4655,11.6555,0.9599,7.7699,8.3408,88.876,1.4481,34.31771469
11/7/2023,1.0686,160.77,0.86855,4.4618,11.6695,0.9626,7.7839,8.3558,88.9765,1.4483,34.41282272
11/6/2023,1.0741,160.87,0.8664,4.467,11.6575,0.9646,7.8094,8.402,89.396,1.4501,33.40299988
11/3/2023,1.0702,159.87,0.86983,4.45,11.74,0.9625,7.8193,8.3745,89.0545,1.4516,34.14051437
11/2/2023,1.0661,159.89,0.87305,4.4495,11.819,0.9622,7.8009,8.3424,88.704,1.4522,34.27567291
11/1/2023,1.0537,159.33,0.86945,4.4658,11.806,0.9572,7.712,8.2436,87.7525,1.4443,34.2780838
10/31/2023,1.0619,160.3,0.87366,4.4405,11.8275,0.9607,7.7686,8.3079,88.4195,1.4525,34.23010635
10/30/2023,1.0605,158.8,0.87345,4.4565,11.806,0.9564,7.7595,8.2939,88.305,1.4483,33.23600006
10/27/2023,1.0541,158.08,0.87023,4.4715,11.8235,0.9502,7.7143,8.2426,87.751,1.4455,34.1857872
10/26/2023,1.054,158.48,0.8717,4.4673,11.8005,0.9466,7.7142,8.2432,87.7355,1.4454,34.22141266
10/25/2023,1.0576,158.55,0.8724,4.4825,11.7715,0.9474,7.7381,8.2728,87.9665,1.4484,34.11982727
10/24/2023,1.0632,159.26,0.87025,4.463,11.7456,0.9501,7.772,8.3169,88.3058,1.4532,34.39423752
10/23/2023,1.0597,158.91,0.87153,4.459,11.7071,0.9461,7.7529,8.293,88.101,1.4541,34.23748779
10/20/2023,1.0591,158.8,0.87213,4.4653,11.634,0.9442,7.7489,8.2851,87.983,1.4526,34.23915863
10/19/2023,1.0558,158.21,0.87098,4.45,11.6155,0.947,7.7233,8.2624,87.87,1.4499,34.13858795
10/18/2023,1.0565,158.1,0.8661,4.441,11.5643,0.9492,7.7278,8.2687,87.954,1.4467,34.17560959
10/17/2023,1.0569,158.03,0.8682,4.4273,11.53,0.9517,7.7288,8.2681,87.9585,1.4471,33.97171402
10/16/2023,1.0538,157.54,0.86545,4.4733,11.5375,0.9505,7.7058,8.2382,87.7315,1.4427,33.87332153
10/13/2023,1.0524,157.44,0.86415,4.535,11.55,0.9546,7.6902,8.2353,87.634,1.4405,33.89452362
10/12/2023,1.0619,158.35,0.8626,4.5291,11.5435,0.9566,7.7514,8.3056,88.3925,1.447,34.05951691
10/11/2023,1.0604,157.87,0.86265,4.5158,11.5655,0.9576,7.7433,8.2917,88.198,1.4451,33.95175171
10/10/2023,1.0582,157.71,0.8639,4.5565,11.6005,0.9589,7.7238,8.2744,88.0845,1.446,33.9965744
10/9/2023,1.0531,157.06,0.8652,4.5798,11.6085,0.9581,7.6784,8.2458,87.7205,1.4419,33.92860031
10/6/2023,1.0563,157.47,0.8651,4.5983,11.6045,0.9629,7.7162,8.2728,87.834,1.4436,33.96316147
10/5/2023,1.0526,156.71,0.86605,4.5988,11.5975,0.9625,7.6856,8.2412,87.627,1.4421,33.9271698
10/4/2023,1.0497,156.48,0.86588,4.6278,11.5855,0.9634,7.6644,8.2191,87.3975,1.4402,33.82698059
10/3/2023,1.0469,157.01,0.86775,4.623,11.6375,0.966,7.6439,8.1992,87.1175,1.4393,33.85853577
10/2/2023,1.053,157.67,0.86628,4.6123,11.5833,0.9634,7.6885,8.2476,87.575,1.4449,34.05466461
9/29/2023,1.0594,158.1,0.86458,4.6283,11.5325,0.9669,7.7352,8.2959,88.0165,1.4443,33.86405945
9/28/2023,1.0539,157.33,0.86333,4.6343,11.6065,0.9678,7.6986,8.2491,87.6395,1.4431,33.8531189
9/27/2023,1.0536,157.2,0.8681,4.625,11.6255,0.968,7.7031,8.2397,87.6505,1.4449,34.02223969
9/26/2023,1.0605,157.87,0.8702,4.6093,11.654,0.9675,7.7517,8.2942,88.2995,1.45,34.00252151
9/25/2023,1.0633,158.08,0.86965,4.5893,11.728,0.9676,7.7728,8.3126,88.377,1.4524,34.21285248
9/22/2023,1.0647,157.87,0.86795,4.5925,11.879,0.965,7.7766,8.3262,88.2975,1.4529,34.26280975
9/21/2023,1.0635,157.34,0.86713,4.627,11.926,0.9628,7.7695,8.3181,88.3718,1.4559,34.09427643
9/20/2023,1.0702,158.28,0.8653,4.6403,11.8803,0.9601,7.8059,8.3719,88.9123,1.4581,34.15991592
9/19/2023,1.0713,158.2,0.86263,4.6548,11.8845,0.9595,7.8111,8.3756,89.1438,1.4596,34.10619354
9/18/2023,1.0663,157.44,0.86141,4.6383,11.9872,0.9564,7.7796,8.3386,88.8295,1.4551,34.00537491
9/15/2023,1.0658,157.5,0.85878,4.6308,11.873,0.9554,7.7561,8.3416,88.615,1.4524,33.89406967
9/14/2023,1.073,158.13,0.85995,4.6275,11.95,0.9588,7.8093,8.3998,89.053,1.4601,34.23485184
9/13/2023,1.0733,158.28,0.8609,4.6243,11.9475,0.9589,7.8144,8.3984,89.0805,1.4615,34.37004852
9/12/2023,1.0713,157.42,0.85925,4.66,11.8875,0.9561,7.8115,8.3879,88.826,1.4597,34.29331589
9/11/2023,1.0724,157.16,0.8565,4.6438,11.8795,0.956,7.823,8.3995,88.9735,1.4594,34.36807251
9/8/2023,1.0704,157.84,0.85735,4.6213,11.904,0.9543,7.8565,8.3915,88.861,1.4605,34.26551056
9/7/2023,1.071,157.7,0.859,4.5883,11.9095,0.9557,7.8488,8.3961,89.0955,1.4613,34.24363327
9/6/2023,1.0745,158.18,0.85503,4.501,11.9105,0.9561,7.8476,8.4261,89.341,1.4624,34.21614456
9/5/2023,1.0731,158.2,0.85535,4.489,11.9145,0.9548,7.838,8.4134,89.0965,1.4614,34.37953949
9/4/2023,1.0801,158.11,0.8555,4.4663,11.901,0.9548,7.8528,8.462,89.3045,1.4622,34.32181549
9/1/2023,1.0844,157.47,0.85538,4.4685,11.896,0.9574,7.8679,8.5068,89.697,1.464,34.49140549
8/31/2023,1.0868,158.49,0.85718,4.4673,11.843,0.9584,7.9196,8.525,89.9293,1.4686,34.75088882
8/30/2023,1.0886,159.15,0.8592,4.4728,11.841,0.9568,7.9347,8.5427,90.0188,1.4723,34.52841187
8/29/2023,1.0803,158.93,0.8586,4.472,11.882,0.9558,7.88,8.477,89.4335,1.4649,34.44886017
8/28/2023,1.0808,158.35,0.85815,4.4735,11.9,0.9559,7.8822,8.4789,89.304,1.4659,34.3527298
8/25/2023,1.0808,157.75,0.85643,4.469,11.895,0.9564,7.8783,8.477,89.304,1.4641,34.36427307
8/24/2023,1.084,157.96,0.8565,4.4768,11.9175,0.9562,7.8934,8.5009,89.5195,1.4681,34.620224
8/23/2023,1.0805,157.28,0.85653,4.4773,11.9061,0.9524,7.8796,8.4716,89.3258,1.4677,34.68503571
8/22/2023,1.0887,158.7,0.85288,4.4643,11.863,0.9565,7.9387,8.5328,90.322,1.4754,34.78225708
8/21/2023,1.0908,159.15,0.85475,4.4785,11.9095,0.9588,7.9456,8.5488,90.6615,1.4791,34.68607712
8/18/2023,1.0867,158.11,0.85493,4.4698,11.9383,0.9571,7.9197,8.5105,90.2825,1.4751,34.68583679
8/17/2023,1.09,158.88,0.85395,4.4718,11.8666,0.9555,7.9387,8.5318,90.4995,1.4793,34.70385742
8/16/2023,1.0916,159.07,0.85645,4.4528,11.828,0.9605,7.9657,8.5466,90.8435,1.4822,34.74547195
8/15/2023,1.0926,159.04,0.85955,4.4888,11.839,0.9586,7.9605,8.5482,91.0615,1.4829,34.79986954
8/14/2023,1.093,158.68,0.86215,4.4395,11.8405,0.9608,7.9356,8.5458,90.818,1.4813,34.90413284
8/11/2023,1.1004,158.97,0.86415,4.4368,11.8075,0.9617,7.9584,8.6007,91.097,1.485,34.85663986
8/10/2023,1.1019,158.43,0.86313,4.4548,11.694,0.9618,7.9434,8.6127,91.0983,1.4826,34.80833435
8/9/2023,1.0968,157.35,0.8618,4.467,11.7195,0.9627,7.903,8.5766,90.8795,1.4761,34.8436203
8/8/2023,1.0944,156.55,0.86158,4.45,11.744,0.96,7.895,8.5491,90.6614,1.4766,34.85520172
8/7/2023,1.0984,156.21,0.86163,4.4138,11.6625,0.9625,7.8976,8.5744,90.8738,1.473,34.82164001
8/4/2023,1.0946,156.11,0.86193,4.4485,11.7,0.9598,7.8661,8.5485,90.73,1.4701,34.64965057
8/3/2023,1.0932,156.24,0.86468,4.4598,11.7415,0.9579,7.8397,8.5331,90.4965,1.4678,34.61551666
8/2/2023,1.0985,156.88,0.86038,4.4475,11.681,0.9642,7.8829,8.5679,90.675,1.4693,34.78322983
8/1/2023,1.097,156.85,0.85865,4.4303,11.6496,0.961,7.862,8.5508,90.2555,1.4641,34.53046799
7/31/2023,1.1023,156.73,0.85765,4.407,11.5895,0.9619,7.8808,8.5966,90.669,1.466,34.57159805
7/28/2023,1.101,153.35,0.8556,4.4113,11.5545,0.9554,7.8799,8.5865,90.501,1.4653,34.35906601
7/27/2023,1.1125,155.95,0.85885,4.4265,11.4985,0.9542,7.951,8.6787,91.1385,1.4727,34.58040237
7/26/2023,1.1059,155.3,0.85695,4.42,11.5313,0.9549,7.9109,8.6308,90.7231,1.4682,34.43870926
7/25/2023,1.1051,156.18,0.86148,4.4263,11.495,0.9598,7.8915,8.6336,90.4445,1.4677,34.63155746
7/24/2023,1.1096,156.47,0.8635,4.446,11.5495,0.9595,7.9749,8.6688,90.78,1.4762,34.86013031
7/21/2023,1.1123,157.63,0.86706,4.4583,11.5517,0.963,7.986,8.6946,91.175,1.4792,34.55613327
7/20/2023,1.1197,156.35,0.8692,4.4513,11.4795,0.9635,8.024,8.7465,91.781,1.4807,34.78416443
7/19/2023,1.1222,156.76,0.86918,4.4508,11.476,0.9628,8.1014,8.7612,92.1095,1.4875,34.69966507
7/18/2023,1.1255,155.4,0.85838,4.4458,11.504,0.9647,8.0745,8.7918,92.3335,1.4866,34.77919006
7/17/2023,1.123,155.38,0.85873,4.4508,11.4873,0.9652,8.0457,8.775,92.1073,1.4839,34.7532196
7/14/2023,1.1221,155.51,0.8559,4.449,11.493,0.9649,8.0076,8.7694,92.1985,1.482,34.74403
7/13/2023,1.1182,154.84,0.85553,4.4323,11.51,0.9644,8.0098,8.7481,91.7935,1.4816,34.57419968
7/12/2023,1.1022,153.84,0.85378,4.4473,11.68,0.9683,7.9274,8.6268,90.7173,1.4751,34.43602371
7/11/2023,1.0989,154.27,0.8511,4.4563,11.76,0.9693,7.9143,8.6023,90.5655,1.4748,34.5134964
7/10/2023,1.0956,155.73,0.85733,4.4508,11.8745,0.9753,7.9291,8.5783,90.4985,1.4773,34.269207
7/7/2023,1.0888,156.01,0.85298,4.4838,11.9075,0.9754,7.8773,8.5232,90.0465,1.4717,34.11587143
7/6/2023,1.0899,156.57,0.8531,4.4753,11.9045,0.9757,7.882,8.5239,89.849,1.4712,33.89476776
7/5/2023,1.0879,157.26,0.85685,4.4558,11.8295,0.9782,7.8798,8.5108,89.5175,1.4714,33.82455444
7/4/2023,1.0895,157.34,0.85673,4.4215,11.812,0.9762,7.8646,8.5314,89.358,1.4694,33.92753601
7/3/2023,1.0899,157.81,0.8598,4.4385,11.833,0.98,7.9007,8.5402,89.3225,1.4736,33.97251129
6/30/2023,1.0866,157.16,0.85828,4.4388,11.8055,0.9788,7.8983,8.5157,89.2065,1.4732,33.82315063
6/29/2023,1.0938,157.74,0.864,4.4485,11.8175,0.9783,7.914,8.5713,89.7065,1.479,33.90114594
6/28/2023,1.0938,157.82,0.8642,4.4763,11.795,0.9822,7.9262,8.5667,89.7465,1.4799,33.95915222
6/27/2023,1.0951,157.14,0.8599,4.4283,11.7405,0.9789,7.8976,8.5782,89.7945,1.4767,33.82611465
6/26/2023,1.0918,156.41,0.85878,4.4363,11.6825,0.9737,7.8972,8.5481,89.5565,1.4765,33.80593491
6/23/2023,1.0884,155.84,0.85479,4.4238,11.675,0.9773,7.8141,8.5216,89.2205,1.4726,33.96219635
6/22/2023,1.0985,156.05,0.86115,4.4253,11.7224,0.9825,7.8866,8.5987,90.03,1.4741,33.98991013
6/21/2023,1.0923,154.89,0.85828,4.4328,11.7563,0.9803,7.8519,8.551,89.5765,1.4678,33.80140686
6/20/2023,1.0933,154.51,0.85705,4.4463,11.758,0.9808,7.8462,8.556,89.7525,1.4688,33.63937378
6/19/2023,1.0922,154.94,0.85268,4.457,11.6943,0.9772,7.8182,8.5379,89.5125,1.4646,33.59553528
6/16/2023,1.0966,154.65,0.85428,4.4728,11.5925,0.977,7.81,8.5799,89.7953,1.4647,33.55184555
6/15/2023,1.0819,152.86,0.85555,4.4693,11.6206,0.9761,7.7491,8.4661,88.9825,1.4543,33.32101059
6/14/2023,1.0809,151.21,0.85455,4.4553,11.5605,0.9751,7.7363,8.4645,88.6945,1.4499,32.99487686
6/13/2023,1.0793,150.62,0.8585,4.475,11.64,0.9784,7.7167,8.455,88.863,1.4467,33.05667114
6/12/2023,1.0765,150.03,0.85678,4.4395,11.6185,0.9751,7.6888,8.4326,88.733,1.4457,32.96172714
6/9/2023,1.078,150.24,0.85795,4.4605,11.673,0.9716,7.6839,8.4493,88.89,1.448,33.04343033
6/8/2023,1.0737,149.98,0.86113,4.4788,11.648,0.9751,7.6541,8.4126,88.617,1.446,32.88424683
6/7/2023,1.0717,149.42,0.8597,4.4695,11.6255,0.9704,7.6235,8.4029,88.416,1.4432,32.76829147
6/6/2023,1.0683,149.09,0.86103,4.4915,11.6215,0.9698,7.604,8.3777,88.2295,1.4411,32.82575989
6/5/2023,1.069,149.96,0.86323,4.4735,11.642,0.9732,7.6062,8.3787,88.3255,1.4451,32.8055954
6/2/2023,1.0763,149.46,0.8593,4.4975,11.5505,0.9758,7.6065,8.4346,88.638,1.4474,32.9087944
6/1/2023,1.0697,149.25,0.85823,4.541,11.6455,0.9732,7.6066,8.3786,88.207,1.4466,32.77110672
5/31/2023,1.0683,149.13,0.86405,4.5368,11.6278,0.9724,7.5926,8.3696,88.34,1.4467,32.79637146
5/30/2023,1.0744,150.01,0.86365,4.5235,11.634,0.969,7.599,8.4158,88.7985,1.45,32.69623947
5/29/2023,1.0715,150.29,0.86805,4.52,11.5956,0.9683,7.582,8.39,88.52,1.4499,32.90263748
5/26/2023,1.0751,150.24,0.86813,4.5354,11.528,0.9707,7.5874,8.423,88.8049,1.452,32.98708725
5/25/2023,1.0735,149.63,0.86793,4.511,11.549,0.9708,7.5891,8.4092,88.8055,1.4515,33.13800049
5/24/2023,1.0785,149.3,0.86993,4.49,11.5103,0.9732,7.6005,8.4462,89.1473,1.4526,33.1722374
5/23/2023,1.0779,149.2,0.86993,4.5018,11.4494,0.9718,7.6039,8.448,89.2675,1.4527,33.14666748
5/22/2023,1.0822,149.64,0.86846,4.5133,11.3765,0.97,7.6067,8.4696,89.671,1.4554,33.13422394
5/19/2023,1.0808,149.55,0.8684,4.5205,11.3695,0.9738,7.5766,8.4494,89.4215,1.4538,33.06752396
5/18/2023,1.0813,149.08,0.8689,4.543,11.3609,0.9735,7.5983,8.464,89.2915,1.4544,33.37158966
5/17/2023,1.0829,148.31,0.86895,4.507,11.325,0.9746,7.5762,8.4788,89.1878,1.4542,33.44504166
5/16/2023,1.0881,147.89,0.86938,4.4865,11.2765,0.9732,7.5793,8.5293,89.4655,1.4545,33.42538834
5/15/2023,1.0876,148.15,0.86943,4.5078,11.2905,0.9747,7.5621,8.525,89.499,1.4548,33.43497849
5/12/2023,1.0892,147.02,0.8702,4.5343,11.2425,0.9744,7.5722,8.5425,89.52,1.4534,33.49690247
5/11/2023,1.093,146.54,0.86795,4.5238,11.2184,0.9758,7.5817,8.5671,89.6905,1.451,33.62556839
5/10/2023,1.095,148.18,0.86813,4.5363,11.1938,0.9771,7.5818,8.5739,89.8185,1.4541,33.60355377
5/9/2023,1.0959,147.97,0.8699,4.5723,11.1885,0.9788,7.5853,8.5934,89.9495,1.4544,33.63314438
5/8/2023,1.1037,149.15,0.87228,4.5693,11.2012,0.9813,7.6347,8.6618,90.2775,1.462,33.69959259
5/5/2023,1.1014,147.8,0.87378,4.577,11.2365,0.9828,7.6112,8.6434,90.001,1.46,33.76277542
5/4/2023,1.1074,148.92,0.88015,4.5905,11.341,0.9802,7.6538,8.6909,90.5495,1.4695,33.92121506
5/3/2023,1.1043,149.66,0.88265,4.582,11.3265,0.9809,7.633,8.6687,90.3465,1.4704,33.86309433
5/2/2023,1.0965,150.7,0.87868,4.5758,11.2915,0.9841,7.5791,8.6075,89.7515,1.4646,33.70864487
4/28/2023,1.0981,149.35,0.8805,4.5815,11.3515,0.9839,7.5979,8.6199,89.8555,1.4679,33.78577042
4/27/2023,1.1042,147.16,0.88428,4.59,11.3805,0.9862,7.6454,8.6679,90.3185,1.4749,33.83884811
4/26/2023,1.1039,147.67,0.8856,4.5928,11.3855,0.9824,7.6424,8.6655,90.2465,1.4745,33.6960144
4/25/2023,1.1022,147.91,0.88645,4.59,11.3045,0.9786,7.6289,8.652,90.331,1.4735,33.80549622
4/24/2023,1.1002,148.17,0.88463,4.6055,11.309,0.98,7.5837,8.6346,90.1255,1.4684,33.66420364
4/21/2023,1.0978,146.92,0.8857,4.6108,11.3315,0.9795,7.5619,8.6157,90.109,1.4651,33.51792526
4/20/2023,1.0944,147.46,0.88153,4.611,11.328,0.981,7.5298,8.5907,89.9365,1.4599,33.44412994
4/19/2023,1.0933,147.24,0.88108,4.6238,11.306,0.9828,7.5406,8.5816,89.8985,1.4615,33.42102432
4/18/2023,1.0972,146.89,0.88143,4.618,11.2955,0.9831,7.5436,8.6129,89.9955,1.4614,33.28944397
4/17/2023,1.0981,146.97,0.88373,4.6288,11.3163,0.9812,7.5433,8.62,90.0607,1.4615,33.5068779
4/14/2023,1.1057,146.6,0.8844,4.6435,11.3455,0.9827,7.5761,8.6797,90.3595,1.4665,33.65681076
4/13/2023,1.1015,146.81,0.88058,4.632,11.3886,0.9804,7.5758,8.6468,90.1665,1.4592,33.48455429
4/12/2023,1.0922,146.09,0.88038,4.6631,11.348,0.9853,7.5183,8.5737,89.6875,1.4538,33.27500153
4/11/2023,1.0905,145.28,0.87738,4.669,11.4255,0.9868,7.508,8.5603,89.5205,1.4526,33.17269897
4/6/2023,1.0915,143.49,0.87495,4.6863,11.3875,0.9878,7.5014,8.5682,89.3655,1.4507,33.21483612
4/5/2023,1.094,143.74,0.87685,4.6818,11.3265,0.9901,7.5265,8.5877,89.7215,1.4512,33.29457855
4/4/2023,1.0901,144.94,0.87333,4.6718,11.2525,0.9954,7.5034,8.5569,89.59,1.4467,33.24672318
4/3/2023,1.087,144.51,0.8779,4.6765,11.2835,0.9949,7.4832,8.5328,89.471,1.4464,33.0014267
3/31/2023,1.0875,144.83,0.8792,4.67,11.2805,0.9968,7.4763,8.5367,89.3995,1.4464,33.09671021
3/30/2023,1.0886,144.42,0.88164,4.6813,11.3037,0.9963,7.4898,8.5455,89.3575,1.4465,33.08935928
3/29/2023,1.0847,143.58,0.87988,4.687,11.2955,0.9973,7.4679,8.5147,89.2985,1.4425,32.73103714
3/28/2023,1.0841,141.69,0.87938,4.6815,11.2195,0.9947,7.4554,8.51,89.064,1.4394,32.59843063
3/27/2023,1.0773,141.64,0.87818,4.6855,11.212,0.9875,7.4131,8.4566,88.6672,1.4351,32.6785965
3/24/2023,1.0745,139.85,0.8794,4.6865,11.208,0.9874,7.3826,8.4344,88.565,1.433,32.65151215
3/23/2023,1.0879,142.87,0.88523,4.6868,11.222,0.9969,7.4312,8.5396,89.481,1.4434,32.99343491
3/22/2023,1.0785,143.13,0.87925,4.6835,11.1535,0.996,7.4238,8.4636,89.08,1.4391,32.83573532
3/21/2023,1.0776,142.63,0.88033,4.6998,11.099,0.997,7.4058,8.4547,89.0308,1.4392,32.69527435
3/20/2023,1.0717,140.77,0.8756,4.7045,11.1564,0.9928,7.3739,8.4038,88.49,1.4354,31.5510006
3/17/2023,1.0623,140.57,0.87488,4.7045,11.1995,0.9858,7.3117,8.3387,87.787,1.4262,32.42339706
3/16/2023,1.0595,140.18,0.8782,4.6963,11.1781,0.982,7.3045,8.3165,87.7298,1.4276,32.3048439
3/15/2023,1.0549,139.51,0.87243,4.7,11.202,0.9727,7.2865,8.2796,87.3125,1.4245,32.58675385
3/14/2023,1.0737,144.09,0.88054,4.6878,11.288,0.9784,7.3758,8.4248,88.431,1.4428,32.65776443
3/13/2023,1.0706,141.96,0.8837,4.6944,11.439,0.975,7.3413,8.3963,88.046,1.444,31.65699959
3/10/2023,1.0586,144.7,0.88258,4.6815,11.3915,0.9824,7.3594,8.3095,86.9375,1.4349,32.61420441
3/9/2023,1.0554,143.82,0.88814,4.6785,11.3365,0.9911,7.3515,8.2848,86.6215,1.4279,32.41286087
3/8/2023,1.0545,144.7,0.89074,4.6753,11.2835,0.9931,7.3315,8.2777,86.421,1.4269,32.41136551
3/7/2023,1.0665,145.21,0.88968,4.6898,11.2285,0.9959,7.3975,8.3719,87.2625,1.4357,32.67153168
3/6/2023,1.0646,144.64,0.8863,4.709,11.159,0.9947,7.3802,8.357,87.1445,1.4324,32.48096466
3/3/2023,1.0615,144.55,0.8853,4.708,11.143,0.9958,7.3326,8.3325,86.9185,1.4296,32.43849182
3/2/2023,1.0605,145.07,0.88785,4.689,11.135,0.9988,7.3285,8.3244,87.5365,1.4307,32.52814102
3/1/2023,1.0684,144.82,0.88574,4.6745,11.1,0.9997,7.3349,8.3866,88.0848,1.4316,32.41363907
2/28/2023,1.0619,145.23,0.87701,4.7125,11.078,0.9947,7.3663,8.3351,87.7205,1.4314,32.45934296
2/27/2023,1.0554,143.88,0.88073,4.716,11.0595,0.9929,7.3378,8.2818,87.336,1.4246,31.31480026
2/24/2023,1.057,143.55,0.88245,4.7205,11.003,0.9898,7.3398,8.2959,87.4845,1.4239,32.09849167
2/23/2023,1.0616,143.32,0.8814,4.7438,11.0579,0.9892,7.3227,8.3291,87.6695,1.4249,32.32081985
2/22/2023,1.0644,143.24,0.87945,4.7443,11.0163,0.987,7.3367,8.3512,88.238,1.4252,32.46969604
2/21/2023,1.0664,143.76,0.87925,4.7478,11.0098,0.9853,7.3372,8.3645,88.2835,1.4272,32.43619919
2/20/2023,1.0674,143.09,0.88738,4.7435,11.062,0.9861,7.3191,8.3623,88.306,1.4259,31.37229919
2/17/2023,1.0625,143.18,0.88888,4.7773,11.1983,0.9896,7.3081,8.3349,88.021,1.4231,32.2653923
2/16/2023,1.07,143.31,0.88883,4.7765,11.142,0.9873,7.3351,8.3985,88.4574,1.4287,32.39850616
2/15/2023,1.07,143.05,0.88825,4.76,11.14,0.9885,7.3229,8.3983,88.6415,1.4285,32.47275925
2/14/2023,1.0759,142.14,0.88125,4.7623,11.101,0.987,7.3314,8.4457,89.1227,1.427,32.42141342
2/13/2023,1.0686,141.65,0.88281,4.7875,11.155,0.9849,7.293,8.3885,88.395,1.4229,31.28809929
2/10/2023,1.069,139.88,0.88348,4.781,11.163,0.9872,7.2837,8.3916,88.2475,1.4199,32.22144699
2/9/2023,1.0771,140.8,0.88515,4.7388,11.139,0.989,7.2992,8.4551,88.8905,1.4237,32.19088364
2/8/2023,1.0735,140.81,0.888,4.7385,11.3423,0.9881,7.2841,8.4265,88.594,1.422,32.22310638
2/7/2023,1.07,141.3,0.89338,4.7565,11.3805,0.9906,7.2608,8.3974,88.5096,1.4199,32.18356323
2/6/2023,1.0776,142.41,0.89278,4.7228,11.3652,0.9964,7.309,8.4539,89.0922,1.4266,31.47170067
2/3/2023,1.0937,140.45,0.8925,4.692,11.3323,0.9989,7.3689,8.5802,89.592,1.4331,32.21525574
2/2/2023,1.0988,141.12,0.89289,4.7015,11.3587,0.9992,7.3878,8.6183,90.3015,1.4352,32.5181694
2/1/2023,1.0894,141.37,0.88413,4.7075,11.3455,0.998,7.3452,8.5444,89.106,1.4303,32.615448
1/31/2023,1.0833,141.27,0.88073,4.709,11.348,1.0032,7.3198,8.4898,88.636,1.4268,32.65303802
1/30/2023,1.0903,141.79,0.87978,4.7103,11.262,1.0045,7.3601,8.5415,88.8885,1.431,31.9204998
1/27/2023,1.0865,141.1,0.87885,4.7085,11.2108,1.0017,7.369,8.5061,88.672,1.4277,32.91077423
1/26/2023,1.0895,141.38,0.87945,4.7195,11.1763,1.0002,7.3893,8.5295,88.8255,1.4292,33.03546143
1/25/2023,1.0878,141.17,0.88248,4.7158,11.1335,1.002,7.3778,8.5202,88.7258,1.4307,32.95641327
1/24/2023,1.0858,141.47,0.88368,4.713,11.0995,1.0053,7.3642,8.5014,88.6235,1.4337,32.93612289
1/23/2023,1.0871,141.65,0.8797,4.7113,11.1183,1.0013,7.373,8.5105,88.452,1.4328,32.97699356
1/20/2023,1.0826,140.86,0.876,4.71,11.1655,0.9962,7.3425,8.4775,87.817,1.4311,32.8724823
1/19/2023,1.0815,139.02,0.87648,4.7063,11.1533,0.9921,7.3424,8.4696,88.046,1.4326,32.59543228
1/18/2023,1.0839,139.79,0.8753,4.6983,11.1735,0.9906,7.3193,8.4814,88.142,1.428,32.66333771
1/17/2023,1.0843,139.5,0.88595,4.6958,11.285,0.9998,7.3473,8.4807,88.577,1.4343,32.84492111
1/16/2023,1.0812,138.92,0.88758,4.6935,11.2725,1.0026,7.2791,8.4449,88.2795,1.4288,31.74740028
1/13/2023,1.0814,139.02,0.888,4.6888,11.2528,1.0051,7.2729,8.4471,88.096,1.4311,32.92808533
1/12/2023,1.0772,140.61,0.8869,4.692,11.273,1.0056,7.27,8.4121,87.783,1.4309,32.7645607
1/11/2023,1.0747,142.61,0.88673,4.6819,11.2783,0.9967,7.2807,8.3974,87.812,1.4316,32.67895126
1/10/2023,1.0723,141.92,0.8833,4.695,11.1963,0.9908,7.2732,8.374,87.703,1.429,32.48494339
1/9/2023,1.0696,141.35,0.88048,4.6963,11.196,0.9865,7.2546,8.3508,88.078,1.4244,32.59056473
1/6/2023,1.05,141.3,0.88475,4.695,11.258,0.9864,7.2045,8.2006,86.9103,1.4156,32.22015381
1/5/2023,1.0601,140.95,0.88303,4.67,11.1848,0.9839,7.2863,8.2788,87.4755,1.4213,32.55088806
1/4/2023,1.0599,138.74,0.88076,4.6685,11.1653,0.9843,7.2985,8.2864,87.791,1.4212,32.3250618
1/3/2023,1.0545,137.93,0.88048,4.6831,11.143,0.9879,7.2863,8.2392,87.4095,1.4188,32.79609299
1/2/2023,1.0683,139.62,0.8863,4.6813,11.1663,0.9873,7.3698,8.3389,88.426,1.4324,32.87498093
